evaluator,eval_date,query_id,question_kr,domain,type,baseline,R1_accuracy,R2_coverage,R3_evidence_level,R4_citation_verify,R5_clinical_usefulness,total,best_worst,comment_R1,comment_R2,comment_R3,comment_R4,comment_R5
Claude_Opus,2026-03-17,DG-001,요추 척추관 협착증에서 UBE vs 기존 TLIF의 ODI 개선 및 합병증 비교 근거는?,degenerative,comparison,B1,4,1,2,5,1,13,worst_candidate,"오류 없으나 UBE vs open TLIF 직접 비교 논문 미검색; drain tube·PTED 경제성 등 비관련 논문 위주","관련 비교 연구 1편(pubmed_40133882)만 사용; ODI 수치 미제시·합병증 비교 전무 — 질문과 관련 없는 내용 위주","검색된 논문 2b 위주; 1b 1편(drain tube)은 질문과 무관 — 유효 EL 사실상 없음","pubmed ID 전부 확인 가능","정직하게 근거 부족 선언하나 ODI·합병증 모두 수치 없이 임상 결정 불가"
Claude_Opus,2026-03-17,DG-001,요추 척추관 협착증에서 UBE vs 기존 TLIF의 ODI 개선 및 합병증 비교 근거는?,degenerative,comparison,B2,4,3,4,5,2,18,,"오류 없음; UBE-LIF vs MIS-TLIF 간접 비교·고령 위험 등 유용 정보 포함; open TLIF 직접 비교는 없음","1a×3·1b×3·2b×4로 양호; ODI 구체 수치 미제시·합병증률 부재 — 핵심 outcome 1개 이상 누락","1a MA/SR 다수(pubmed_41098550·36991184 등); 1b SR(pubmed_40797374) — Level 1-2 혼합","pubmed ID 전부 확인 가능","방향성(comparable·고령 위험)은 참고 가능하나 구체 수치 없어 환자 설명 불가 — 방향성만 참고 수준"
Claude_Opus,2026-03-17,DG-001,요추 척추관 협착증에서 UBE vs 기존 TLIF의 ODI 개선 및 합병증 비교 근거는?,degenerative,comparison,B3,2,5,1,1,2,11,worst,"Youn 2017·Soliman 2021·Kim 2019·Adogwa 2011 등 0건 검색 상태에서 구체 수치(ODI 40점 개선 등) 제시 — hallucination 위험 높음; 수치 정확성 검증 불가","ODI·감염·신경학적합병증·VAS·LOS·복귀기간 등 모든 도메인 완전 포괄 — 포괄성 자체는 최고","0건 검색; Level II-III 자체 선언만 있고 실제 산정 불가","저자+연도만 인용; 0건 검색 상태로 대부분 매칭 불확실 — 인용 확인 거의 불가","수치가 구체적이어서 보기엔 유용하나 hallucination 위험으로 실사용 위험 — 방향성만 참고 수준"
Claude_Opus,2026-03-17,DG-001,요추 척추관 협착증에서 UBE vs 기존 TLIF의 ODI 개선 및 합병증 비교 근거는?,degenerative,comparison,B4,4,3,5,5,2,19,best,"직접 근거 부재 정직하게 밝히면서 간접 고수준 근거(1a NMA·1b SR) 제시; 서술 내용 자체에 오류 없음","ODI 간접 근거와 blood loss 이점 서술; direct TLIF vs UBE 비교 없고 구체 수치 부족 — 핵심 일부 포함","10편 중 8편이 1a·1b — 시스템 전체에서 가장 높은 증거 수준 포트폴리오","pubmed ID 전부 확인 가능","간접 근거와 한계를 명확히 구조화; 구체 수치 없어 환자 설명 불충분 — 방향성만 참고 수준"
Claude_Opus,2026-03-17,DG-002,2분절 경추 추간판 질환에서 CDR vs ACDF의 인접분절 퇴행 비교 근거는?,degenerative,comparison,B1,4,1,2,5,1,13,worst,"오류 없으나 CDR vs ACDF ASD 관련 근거 전무; Simplify CDR 기기 실패·후방 수술 등 비관련 논문 위주","CDR vs ACDF ASD 직접 비교 논문 0편 검색; 근거 구성 자체 불가 — 질문과 관련 없는 내용 위주","2b·3·4 위주; 질문과 무관한 낮은 수준의 논문 포함","pubmed ID 전부 확인 가능","근거 부족 선언만 가능; 임상 결정 전혀 불가"
Claude_Opus,2026-03-17,DG-002,2분절 경추 추간판 질환에서 CDR vs ACDF의 인접분절 퇴행 비교 근거는?,degenerative,comparison,B2,4,2,3,5,1,15,best,"오류 없음; pubmed_40708283(NMA 1a)를 올바르게 해석 — 비연속 ACDF용이지 CDR 직접 비교 아님을 명확히 함","1a NMA 포함하나 CDR vs ACDF ASD 직접 비교 데이터 없음; CDR 운동보존 이론적 근거만 — 한쪽 치우침","1a 3편 포함하나 ASD 직접 비교 주제와 맞지 않아 유효 EL 제한적 — Level 2 위주 수준","pubmed ID 전부 확인 가능","근거 부족 정직 선언; 임상 결정 불가하지만 해석이 가장 정확"
Claude_Opus,2026-03-17,DG-002,2분절 경추 추간판 질환에서 CDR vs ACDF의 인접분절 퇴행 비교 근거는?,degenerative,comparison,B3,3,5,1,2,3,14,,"Goffin 2011·Hilibrand 1999 등 일부 실존 가능; CDR이 symptomatic ASD 감소 방향은 실제 근거와 일치하나 구체 수치(5% vs 15%) 매칭 불확실","symptomatic ASD·radiographic ASD·2-level 특이분석·생역학·한계·권고까지 모든 도메인 포괄 — 포괄성 최고","0건 검색; Level IB-IIA 자체 선언만 있고 실제 산정 불가","저자+연도 인용; Hilibrand 1999(2.9%/yr)은 실존 확인. Goffin·Nabhan은 실존 가능하나 수치 매칭 불확실","Grade B 권고·방향성 제시로 임상 참고 가능; 검증 없이 사용 시 위험 — 추가 문헌 검토 필요"
Claude_Opus,2026-03-17,DG-002,2분절 경추 추간판 질환에서 CDR vs ACDF의 인접분절 퇴행 비교 근거는?,degenerative,comparison,B4,4,1,3,5,1,14,,"3편만 검색; 답변 자체에 오류 없으나 pubmed_39575449(요추 후궁절제술)는 경추 CDR 질문과 완전 무관 — 검색 정밀도 실패","3편 중 1편 무관; CDR vs ACDF ASD 비교 근거 전무 — 질문과 관련 없는 내용 위주","검색된 논문은 전부 1a이지만 질문과 맞지 않아 실질 효용 제한적 — Level 2 위주 수준","pubmed ID 전부 확인 가능; 논문 자체는 실존하나 1편이 경추 질문에 요추 논문","근거 부족 선언에 그침; 임상 결정 불가"
Claude_Opus,2026-03-17,DG-003,MIS-TLIF 후 cage subsidence의 위험인자와 임상 결과에 대한 영향은?,degenerative,complication,B1,4,1,1,5,1,12,worst,"오류 없으나 cage subsidence 관련 논문 사실상 0편; 전자담배·VN·ASD·PJK 등 비관련 논문","subsidence 위험인자·임상영향 전무; 키워드 불일치로 검색 완전 실패","1a 2편 있으나 내용은 척추측만증·C5 palsy 관련 — 질문과 무관; 유효 EL 사실상 없음","pubmed ID 전부 확인 가능","subsidence 위험인자·임상영향을 전혀 구성하지 못함"
Claude_Opus,2026-03-17,DG-003,MIS-TLIF 후 cage subsidence의 위험인자와 임상 결과에 대한 영향은?,degenerative,complication,B2,4,5,3,5,4,21,best,"BMD·EBQ·sarcopenia·cage 형태/개수(banana cage 11.8% vs 19.9% p=0.002)·cage 위치 모두 정확 인용; BMI 비유의도 정확","환자요인(BMD·EBQ·sarcopenia·나이·BMI)·수술요인(cage 설계·개수·위치·높이)·임상영향(발생률·기계적 결과·임상 후유증) 전 도메인 포괄","OLIF biomechanical(EL 5) 다수 포함; 실제 임상 데이터는 2a-2b가 최고 — Level 2 위주(cohort)","pubmed ID 전부 확인 가능; 수치 직접 검증 가능","발생률(32.7%·11.8-19.9%)·위험인자·임상 후유증 구체 제시; 대부분 OLIF 데이터이나 MIS-TLIF에 참고 가능"
Claude_Opus,2026-03-17,DG-003,MIS-TLIF 후 cage subsidence의 위험인자와 임상 결과에 대한 영향은?,degenerative,complication,B3,3,5,1,2,3,14,,"Nakashima 2015·Xu 2017 등 방향(BMD 주요 위험·>5mm 임상 유의)은 실제 문헌과 일치하나 세부 수치(4.8x·68% vs 28%) 검증 불가","위험인자(bone quality·형태·나이·수술기법)·임상영향(ODI·VAS·ASD·fusion·재수술) 전 도메인 — 포괄성 B2와 동일 최고","0건 검색; Level 3-4 자체 선언만 있고 실제 산정 불가","저자+연도 인용; Nakashima·Kakutani·Yoshii 등 척추 분야 실존 연구자이나 수치 매칭 확인 불가","<3-4mm 양성·>5mm 감시 권고 등 임상 지침 제시; 수치 신뢰 불확실로 추가 검증 필요"
Claude_Opus,2026-03-17,DG-003,MIS-TLIF 후 cage subsidence의 위험인자와 임상 결과에 대한 영향은?,degenerative,complication,B4,4,4,4,5,4,21,best,"BMD·EBQ·sarcopenia·fixation(TFS 16% vs BPS 10%)·endplate 준비 등 정확; BMP cost-effectiveness 논문(pubmed_23646277) 혼입은 감점 요인이나 답변 의학 주장은 정확","환자요인·수술요인(고정방법 비교 포함)·임상결과(fusion rate·disc height 유지·재수술) 포괄; ODI·VAS 직접 데이터 부족","1a 3편·2a 1편·2b 6편; subsidence 직접 논문과 고수준 논문 공존 — Level 1-2 혼합","pubmed ID 전부 확인 가능; 수치 직접 검증 가능","TFS·BPS 비교 수치·disc height 유지 데이터로 임상 상담 가능"
Claude_Opus,2026-03-17,DG-004,요추 추간판 탈출증 수술: 미세현미경 vs 내시경 추간판절제술의 결과 비교 근거는?,degenerative,comparison,B1,4,1,1,5,1,12,worst,"오류 없으나 micro vs endoscopic 비교 논문 거의 없음; 내시경 fusion·donepezil·wearable 등 비관련 논문 위주","직접 비교 논문 0편에 가까움; 질문에 실질적 답변 불가 — 관련 없는 내용 위주","1a 1편(wearable device SR)은 질문과 무관; 유효 EL 사실상 없음","pubmed ID 전부 확인 가능","임상 결정 전혀 불가"
Claude_Opus,2026-03-17,DG-004,요추 추간판 탈출증 수술: 미세현미경 vs 내시경 추간판절제술의 결과 비교 근거는?,degenerative,comparison,B2,5,4,5,5,5,24,best,"pubmed_41666862(1a SR)·38190892(1a): 출혈 33.29mL 감소(p=0.0032)·LOS 1.79일 감소(p=0.001)·SSI RR 0.23·durotomy RR 0.63 — 모든 수치 정확","임상효능·수술안전성(출혈·감염·경막파열)·재발 caveat(pubmed_41482265)·증거한계 포괄; 학습곡선·비용 약간 부족","1a 7편·1b 2편·2b 1편 — Level 1 위주 최고 수준 포트폴리오","pubmed ID 전부 확인; 수치 pubmed 직접 검증 가능","수치 제시·균형 결론·recurrent herniation 주의포함; 추가 검색 없이 임상 활용 가능"
Claude_Opus,2026-03-17,DG-004,요추 추간판 탈출증 수술: 미세현미경 vs 내시경 추간판절제술의 결과 비교 근거는?,degenerative,comparison,B3,3,4,1,2,3,13,,"Kamper 2014(Cochrane) 실존 확인; Katayama 2006·Ruan 2018 불확실; microdiscectomy를 reference standard로 단정 → 최신 NMA(PED 선호)와 방향 불일치","통증·기능·합병증·수술 특성·장기 결과·환자 만족 포괄하나 최신 고품질 연구 미반영","0건 검색; Level 1 주장하나 Kamper 외 대부분 산정 불가","저자+연도; Kamper(Cochrane) 실존하나 Katayama·Jasper 등 다수 불확실","결론 방향이 최신 NMA와 일부 불일치(micro 우위 주장); 참고는 가능하나 방향 수정 필요"
Claude_Opus,2026-03-17,DG-004,요추 추간판 탈출증 수술: 미세현미경 vs 내시경 추간판절제술의 결과 비교 근거는?,degenerative,comparison,B4,5,4,5,5,5,24,best,"pubmed_38190892로 B2 동일 수치 확인; pubmed_34213864(NMA)에서 PED preferred approach 권고; pubmed_40611244에서 EDF 최고 성적 — 최신 근거 정확 반영","임상효능·수술이점·접근법 권고·증거한계 포괄; B2보다 PED 권고로 actionability 약간 높음. 재발 caveat은 미포함","1a 6편·1b 3편 — B2와 동일한 최고 수준 Level 1 위주","pubmed ID 전부 확인; 수치 검증 가능","수치·명확 권고(PED preferred)·비교 이점 포함; 임상 결정 즉시 활용 가능"
Claude_Opus,2026-03-17,DG-005,"요추 추체간 유합술에서 BMP-2 사용의 유합률, 합병증, 암 위험 근거는?",degenerative,single_evidence,B1,4,2,3,5,2,16,,"오류 없음; pubmed_39399091(1a)·25279655(2b)·21612985(2b) 관련 논문 확인; retrograde ejaculation 위험 인식 정확","fusion 수치 미제시·합병증 RE만 피상적·암위험 전무; 3 도메인 중 fusion과 합병증만 일부 — 한쪽 치우침","1a 1편(pubmed_39399091) 직접 관련; 나머지 대부분 비관련 2b·4 — Level 2-3 range","pubmed ID 전부 확인 가능","BMP-2 사용 결정 위한 수치 부족; 암위험 공백 — 방향성만 참고 수준"
Claude_Opus,2026-03-17,DG-005,"요추 추체간 유합술에서 BMP-2 사용의 유합률, 합병증, 암 위험 근거는?",degenerative,single_evidence,B2,4,4,4,5,3,20,,"ALIF 97.8% vs 88.2%·PLIF/TLIF 95.7% vs 89.5%(pubmed_31218198) 정확; FDA SR(pubmed_21729796) 합병증 증가 근거 포함","fusion(유형별)·합병증(radiculitis·seroma·RE·ectopic bone·FDA 분석) 포괄; 암위험 absent — 핵심 포함하나 1 도메인 누락","1a 3편(pubmed_39399091·21729796·25955186)·2b 다수; FDA SR 포함 — Level 1-2 혼합","pubmed ID 전부 확인 가능; 수치 검증 가능","fusion 수치·합병증 이중성 명시로 임상 토론 가능; 암위험 absent로 informed consent 불완전"
Claude_Opus,2026-03-17,DG-005,"요추 추체간 유합술에서 BMP-2 사용의 유합률, 합병증, 암 위험 근거는?",degenerative,single_evidence,B3,2,5,1,2,3,13,worst,"Friedlaender 2011 오귀속(실제: BMP-7 경골골절 RCT)·Reuben 인용(연구조작 전력) — 심각한 citation 오류; 전체 방향은 맞으나 핵심 인용 2건 부정확","fusion·합병증(radiculitis·RE·seroma·ectopic bone)·암위험(Carragee·FDA 블랙박스)까지 3 도메인 모두 포괄 — 포괄성 최고","0건 검색; Level 1 주장하나 Friedlaender 오귀속으로 실제 근거수준 불신","저자+연도; Carragee·Burkus 실존 가능하나 Friedlaender 명백 오귀속 — 확인 가능한 인용 소수","암위험까지 다루어 포괄적 상담 가능하나 핵심 인용 오류로 검증 없이 사용 위험"
Claude_Opus,2026-03-17,DG-005,"요추 추체간 유합술에서 BMP-2 사용의 유합률, 합병증, 암 위험 근거는?",degenerative,single_evidence,B4,5,4,5,5,4,23,best,"ALIF fusion 79.1→96.9%·TLIF ~2% 이득·PLF ≥8.5mg/level(pubmed_26613283 1a); 합병증 OR 1.78·HO OR 5.57·RE OR 3.31(pubmed_25772092 1a); FDA 데이터 불일치 명시 — 모든 수치 정확","fusion(5가지 시술유형)·합병증(OR 정량·dose-dependent)·암위험(불충분하나 tumor 비유의 소견) — 구조화 최고; 핵심 포함","1a 7편·1b 2편; NMA·SR·RCT·FDA 분석 포함 — Level 1 위주 최고","pubmed ID 전부 확인 가능; OR 수치 메타분석으로 직접 검증 가능","절차별 이익-위험·FDA 격차 경고·비용효과 언급 — 임상 의사결정 최고 수준; 암위험만 추가 필요"
